"spid","CCNAME","DNAME","CLNAME","FEACODE","SAREA","EFEACODE","CCODE","DCODE","CLCODE","EACODE","TOTAL","MALE","FEMALE","HH","CCODE1","DCODE1","CLCODE1","EACODE1","lon","lat","d","gmap"
1,"Montserrado","Greater Monrovia","Z1100 Rehab/Borbor Town",300407141,"SA008",3004557141,30,4,557,141,366,168,198,61,30,4,557,141,-10.6902358147348,6.24318038580604,0.375803905560181,"https://www.google.com/maps/d/u/3/viewer?mid=1tCqB8Il5LJCJDCQ4Ryzz38Lw682WfBhw&ll=6.24318038580604%2C-10.6902358147348&z=16"
1,"Montserrado","Greater Monrovia","Z1100 Rehab/Borbor Town",300407151,"SA008",3004557151,30,4,557,151,367,186,181,65,30,4,557,151,-10.688664742894,6.24186742175124,0.331440489199509,"https://www.google.com/maps/d/u/3/viewer?mid=1tCqB8Il5LJCJDCQ4Ryzz38Lw682WfBhw&ll=6.24186742175124%2C-10.688664742894&z=16"
1,"Montserrado","Greater Monrovia","Z1100 Rehab/Borbor Town",300407171,"SA008",3004557171,30,4,557,171,917,451,466,152,30,4,557,171,-10.6853245087173,6.2403317965356,0.21103444120804,"https://www.google.com/maps/d/u/3/viewer?mid=1tCqB8Il5LJCJDCQ4Ryzz38Lw682WfBhw&ll=6.2403317965356%2C-10.6853245087173&z=16"
2,"Montserrado","Greater Monrovia","Z1100 Rehab/Borbor Town",300407261,"SA006",3004557261,30,4,557,261,464,254,210,91,30,4,557,261,-10.6675678268574,6.24114340247388,0.59189942806325,"https://www.google.com/maps/d/u/3/viewer?mid=1tCqB8Il5LJCJDCQ4Ryzz38Lw682WfBhw&ll=6.24114340247388%2C-10.6675678268574&z=16"
2,"Montserrado","Greater Monrovia","Z1100 Rehab/Borbor Town",300407271,"SA006",3004557271,30,4,557,271,581,286,295,111,30,4,557,271,-10.6643613856028,6.2382319917344,0.576247754614784,"https://www.google.com/maps/d/u/3/viewer?mid=1tCqB8Il5LJCJDCQ4Ryzz38Lw682WfBhw&ll=6.2382319917344%2C-10.6643613856028&z=16"
2,"Montserrado","Greater Monrovia","Z1100 Rehab/Borbor Town",300407301,"SA005",3004557301,30,4,557,301,389,191,198,78,30,4,557,301,-10.6590017452668,6.24132810095416,0.446031620378908,"https://www.google.com/maps/d/u/3/viewer?mid=1tCqB8Il5LJCJDCQ4Ryzz38Lw682WfBhw&ll=6.24132810095416%2C-10.6590017452668&z=16"
3,"Montserrado","Greater Monrovia","Z1000 Congo Town Old Rd",300407021,"SA03",3004457021,30,4,457,21,647,317,330,143,30,4,457,21,-10.7256594719657,6.2670537921854,0.359342253232647,"https://www.google.com/maps/d/u/3/viewer?mid=1tCqB8Il5LJCJDCQ4Ryzz38Lw682WfBhw&ll=6.2670537921854%2C-10.7256594719657&z=16"
3,"Montserrado","Greater Monrovia","Z1000 Congo Town Old Rd",300407041,"SA02",3004457041,30,4,457,41,349,194,155,107,30,4,457,41,-10.7209743102388,6.26487589931535,0.328082923971645,"https://www.google.com/maps/d/u/3/viewer?mid=1tCqB8Il5LJCJDCQ4Ryzz38Lw682WfBhw&ll=6.26487589931535%2C-10.7209743102388&z=16"
3,"Montserrado","Greater Monrovia","Z1000 Congo Town Old Rd",300407141,"SA03",3004457141,30,4,457,141,219,115,104,52,30,4,457,141,-10.7246363384382,6.26344652433556,0.123542228046993,"https://www.google.com/maps/d/u/3/viewer?mid=1tCqB8Il5LJCJDCQ4Ryzz38Lw682WfBhw&ll=6.26344652433556%2C-10.7246363384382&z=16"
4,"Montserrado","Greater Monrovia","Z1100 Town Hall",300404071,"SA023",3004554071,30,4,554,71,743,328,415,139,30,4,554,71,-10.7001174226572,6.26576020919495,0.195794571602822,"https://www.google.com/maps/d/u/3/viewer?mid=1tCqB8Il5LJCJDCQ4Ryzz38Lw682WfBhw&ll=6.26576020919495%2C-10.7001174226572&z=16"
4,"Montserrado","Greater Monrovia","Z1100 GSA Road Rockville",300411051,"SA029",3004561051,30,4,561,51,356,178,178,87,30,4,561,51,-10.6980949694053,6.26420079009755,0.164853500168891,"https://www.google.com/maps/d/u/3/viewer?mid=1tCqB8Il5LJCJDCQ4Ryzz38Lw682WfBhw&ll=6.26420079009755%2C-10.6980949694053&z=16"
4,"Montserrado","Greater Monrovia","Z1100 GSA Road Rockville",300411041,"SA028",3004561041,30,4,561,41,474,232,242,89,30,4,561,41,-10.700121915776,6.26279465227878,0.155121243276527,"https://www.google.com/maps/d/u/3/viewer?mid=1tCqB8Il5LJCJDCQ4Ryzz38Lw682WfBhw&ll=6.26279465227878%2C-10.700121915776&z=16"
5,"Montserrado","Greater Monrovia","Z1100 Duport Road South",300415191,"SA032",3004565191,30,4,565,191,655,328,327,104,30,4,565,191,-10.6772142031708,6.26578529235015,0.292156012533206,"https://www.google.com/maps/d/u/3/viewer?mid=1tCqB8Il5LJCJDCQ4Ryzz38Lw682WfBhw&ll=6.26578529235015%2C-10.6772142031708&z=16"
5,"Montserrado","Greater Monrovia","Z1100 Duport Road South",300415231,"SA030",3004565231,30,4,565,231,530,239,291,85,30,4,565,231,-10.6725134159107,6.26530731217332,0.282100260378922,"https://www.google.com/maps/d/u/3/viewer?mid=1tCqB8Il5LJCJDCQ4Ryzz38Lw682WfBhw&ll=6.26530731217332%2C-10.6725134159107&z=16"
5,"Montserrado","Greater Monrovia","Z1100 Duport Road South",300415251,"SA030",3004565251,30,4,565,251,314,134,180,62,30,4,565,251,-10.6753099269494,6.26355509887671,0.110222075078991,"https://www.google.com/maps/d/u/3/viewer?mid=1tCqB8Il5LJCJDCQ4Ryzz38Lw682WfBhw&ll=6.26355509887671%2C-10.6753099269494&z=16"
6,"Montserrado","Greater Monrovia","Z900 Key & Death Hole",300401051,"SA12",3004901051,30,4,901,51,359,173,186,86,30,4,901,51,-10.7612879975695,6.28547116842163,0.218446982200412,"https://www.google.com/maps/d/u/3/viewer?mid=1tCqB8Il5LJCJDCQ4Ryzz38Lw682WfBhw&ll=6.28547116842163%2C-10.7612879975695&z=16"
6,"Montserrado","Greater Monrovia","Z900 Key & Death Hole",300401061,"SA12",3004901061,30,4,901,61,526,241,285,118,30,4,901,61,-10.7602377354747,6.28518145577751,0.122727234487203,"https://www.google.com/maps/d/u/3/viewer?mid=1tCqB8Il5LJCJDCQ4Ryzz38Lw682WfBhw&ll=6.28518145577751%2C-10.7602377354747&z=16"
6,"Montserrado","Greater Monrovia","Z800 Wroto Town",300407091,"SA01",3004807091,30,4,807,91,630,301,329,103,30,4,807,91,-10.7629704138965,6.28504050328197,0.0403368784369592,"https://www.google.com/maps/d/u/3/viewer?mid=1tCqB8Il5LJCJDCQ4Ryzz38Lw682WfBhw&ll=6.28504050328197%2C-10.7629704138965&z=16"
7,"Montserrado","Greater Monrovia","Z1100 72nd Community",300418171,"SA071",3004568171,30,4,568,171,1064,511,553,192,30,4,568,171,-10.7114451141094,6.28813672100612,0.346391401608831,"https://www.google.com/maps/d/u/3/viewer?mid=1tCqB8Il5LJCJDCQ4Ryzz38Lw682WfBhw&ll=6.28813672100612%2C-10.7114451141094&z=16"
7,"Montserrado","Greater Monrovia","Z1100 72nd Community",300418161,"SA068",3004568161,30,4,568,161,339,169,170,61,30,4,568,161,-10.7144830076001,6.28754667099441,0.268621567283054,"https://www.google.com/maps/d/u/3/viewer?mid=1tCqB8Il5LJCJDCQ4Ryzz38Lw682WfBhw&ll=6.28754667099441%2C-10.7144830076001&z=16"
7,"Montserrado","Greater Monrovia","Z1100 Police Academy",300406151,"SA039",3004556151,30,4,556,151,393,202,191,56,30,4,556,151,-10.7133401887502,6.28387056592909,0.261771252924342,"https://www.google.com/maps/d/u/3/viewer?mid=1tCqB8Il5LJCJDCQ4Ryzz38Lw682WfBhw&ll=6.28387056592909%2C-10.7133401887502&z=16"
8,"Montserrado","Greater Monrovia","Z1100 Red Light",300421191,"SA097",3004571191,30,4,571,191,431,213,218,74,30,4,571,191,-10.6878078453716,6.28768207892903,0.216359812599486,"https://www.google.com/maps/d/u/3/viewer?mid=1tCqB8Il5LJCJDCQ4Ryzz38Lw682WfBhw&ll=6.28768207892903%2C-10.6878078453716&z=16"
8,"Montserrado","Greater Monrovia","Z1100 Red Light",300421171,"SA096",3004571171,30,4,571,171,597,292,305,110,30,4,571,171,-10.6860533001548,6.28610431597128,0.135416111345443,"https://www.google.com/maps/d/u/3/viewer?mid=1tCqB8Il5LJCJDCQ4Ryzz38Lw682WfBhw&ll=6.28610431597128%2C-10.6860533001548&z=16"
8,"Montserrado","Greater Monrovia","Z1100 Red Light",300421251,"SA097",3004571251,30,4,571,251,491,216,275,104,30,4,571,251,-10.6871730270637,6.28530038614587,0.0568155522967703,"https://www.google.com/maps/d/u/3/viewer?mid=1tCqB8Il5LJCJDCQ4Ryzz38Lw682WfBhw&ll=6.28530038614587%2C-10.6871730270637&z=16"
9,"Montserrado","Greater Monrovia","Z1100 Kemah Town/Omega",300425141,"SA048",3004575141,30,4,575,141,564,296,268,88,30,4,575,141,-10.6641173522741,6.28956604515312,0.447892738936762,"https://www.google.com/maps/d/u/3/viewer?mid=1tCqB8Il5LJCJDCQ4Ryzz38Lw682WfBhw&ll=6.28956604515312%2C-10.6641173522741&z=16"
9,"Montserrado","Greater Monrovia","Z1100 Kemah Town/Omega",300425171,"SA045",3004575171,30,4,575,171,424,201,223,70,30,4,575,171,-10.6630807847112,6.28608501820895,0.253217712072378,"https://www.google.com/maps/d/u/3/viewer?mid=1tCqB8Il5LJCJDCQ4Ryzz38Lw682WfBhw&ll=6.28608501820895%2C-10.6630807847112&z=16"
9,"Montserrado","Greater Monrovia","Z1100 Kemah Town/Omega",300425161,"SA045",3004575161,30,4,575,161,266,121,145,48,30,4,575,161,-10.6635894557833,6.2837430042661,0.0609075864293754,"https://www.google.com/maps/d/u/3/viewer?mid=1tCqB8Il5LJCJDCQ4Ryzz38Lw682WfBhw&ll=6.2837430042661%2C-10.6635894557833&z=16"
10,"Montserrado","Greater Monrovia","Z600 Bishop Brooks
",300407041,"SA12",3004607041,30,4,607,41,576,281,295,128,30,4,607,41,-10.7986931647498,6.30801466620275,0.115887205032659,"https://www.google.com/maps/d/u/3/viewer?mid=1tCqB8Il5LJCJDCQ4Ryzz38Lw682WfBhw&ll=6.30801466620275%2C-10.7986931647498&z=16"
10,"Montserrado","Greater Monrovia","Z600 Bishop Brooks
",300407051,"SA12",3004607051,30,4,607,51,254,112,142,45,30,4,607,51,-10.7982540764523,6.30744444513763,0.0576919470078651,"https://www.google.com/maps/d/u/3/viewer?mid=1tCqB8Il5LJCJDCQ4Ryzz38Lw682WfBhw&ll=6.30744444513763%2C-10.7982540764523&z=16"
10,"Montserrado","Greater Monrovia","Z600 Bassa Community
",300409011,"SA05",3004609011,30,4,609,11,402,190,212,101,30,4,609,11,-10.7979793213041,6.30664020721256,0.0367846117377445,"https://www.google.com/maps/d/u/3/viewer?mid=1tCqB8Il5LJCJDCQ4Ryzz38Lw682WfBhw&ll=6.30664020721256%2C-10.7979793213041&z=16"
11,"Montserrado","Greater Monrovia","Z800 New Matadi",300402121,"SA14",3004802121,30,4,802,121,297,137,160,74,30,4,802,121,-10.7697651253725,6.30531426470291,0.457311884432402,"https://www.google.com/maps/d/u/3/viewer?mid=1tCqB8Il5LJCJDCQ4Ryzz38Lw682WfBhw&ll=6.30531426470291%2C-10.7697651253725&z=16"
11,"Montserrado","Greater Monrovia","Z800 New Matadi",300402111,"SA14",3004802111,30,4,802,111,457,223,234,99,30,4,802,111,-10.7712003290714,6.30549442327094,0.310573711654106,"https://www.google.com/maps/d/u/3/viewer?mid=1tCqB8Il5LJCJDCQ4Ryzz38Lw682WfBhw&ll=6.30549442327094%2C-10.7712003290714&z=16"
11,"Montserrado","Greater Monrovia","Z800 New Matadi",300402091,"SA14",3004802091,30,4,802,91,477,231,246,106,30,4,802,91,-10.7746504327016,6.30614743470636,0.170983821014798,"https://www.google.com/maps/d/u/3/viewer?mid=1tCqB8Il5LJCJDCQ4Ryzz38Lw682WfBhw&ll=6.30614743470636%2C-10.7746504327016&z=16"
12,"Montserrado","Greater Monrovia","Z1100 Double Bridge",300424041,"SA064",3004574041,30,4,574,41,535,291,244,81,30,4,574,41,-10.7240503074442,6.30973258335987,0.286516259513863,"https://www.google.com/maps/d/u/3/viewer?mid=1tCqB8Il5LJCJDCQ4Ryzz38Lw682WfBhw&ll=6.30973258335987%2C-10.7240503074442&z=16"
12,"Montserrado","Greater Monrovia","Z1100 Double Bridge",300424051,"SA064",3004574051,30,4,574,51,940,491,449,153,30,4,574,51,-10.7258417000584,6.30843094071096,0.230936785189599,"https://www.google.com/maps/d/u/3/viewer?mid=1tCqB8Il5LJCJDCQ4Ryzz38Lw682WfBhw&ll=6.30843094071096%2C-10.7258417000584&z=16"
12,"Montserrado","Greater Monrovia","Z1100 Double Bridge",300424071,"SA064",3004574071,30,4,574,71,612,326,286,90,30,4,574,71,-10.7231467376512,6.30666317846446,0.127843205345083,"https://www.google.com/maps/d/u/3/viewer?mid=1tCqB8Il5LJCJDCQ4Ryzz38Lw682WfBhw&ll=6.30666317846446%2C-10.7231467376512&z=16"
13,"Montserrado","Greater Monrovia","Z1100 Neezoe",300416171,"SA076",3004566171,30,4,566,171,566,282,284,126,30,4,566,171,-10.700657514194,6.30864603737077,0.205624332324377,"https://www.google.com/maps/d/u/3/viewer?mid=1tCqB8Il5LJCJDCQ4Ryzz38Lw682WfBhw&ll=6.30864603737077%2C-10.700657514194&z=16"
13,"Montserrado","Greater Monrovia","Z1100 Neezoe",300416141,"SA076",3004566141,30,4,566,141,280,137,143,60,30,4,566,141,-10.6984781968803,6.30660660667294,0.15341476973423,"https://www.google.com/maps/d/u/3/viewer?mid=1tCqB8Il5LJCJDCQ4Ryzz38Lw682WfBhw&ll=6.30660660667294%2C-10.6984781968803&z=16"
13,"Montserrado","Greater Monrovia","Z1100 Neezoe",300416131,"SA076",3004566131,30,4,566,131,576,289,287,97,30,4,566,131,-10.7001891433076,6.30590985357728,0.133694601219021,"https://www.google.com/maps/d/u/3/viewer?mid=1tCqB8Il5LJCJDCQ4Ryzz38Lw682WfBhw&ll=6.30590985357728%2C-10.7001891433076&z=16"
14,"Montserrado","Greater Monrovia","Z1100 Morris Farm",300412071,"SA093",3004562071,30,4,562,71,401,189,212,59,30,4,562,71,-10.6749223934426,6.30839389816605,0.312372087016459,"https://www.google.com/maps/d/u/3/viewer?mid=1tCqB8Il5LJCJDCQ4Ryzz38Lw682WfBhw&ll=6.30839389816605%2C-10.6749223934426&z=16"
14,"Montserrado","Greater Monrovia","Z1100 Morris Farm",300412081,"SA093",3004562081,30,4,562,81,397,208,189,103,30,4,562,81,-10.6773755268558,6.30854411083834,0.282188975224646,"https://www.google.com/maps/d/u/3/viewer?mid=1tCqB8Il5LJCJDCQ4Ryzz38Lw682WfBhw&ll=6.30854411083834%2C-10.6773755268558&z=16"
14,"Montserrado","Greater Monrovia","Z1100 Morris Farm",300412061,"SA093",3004562061,30,4,562,61,531,245,286,104,30,4,562,61,-10.6764237299691,6.30508301698409,0.138016629409684,"https://www.google.com/maps/d/u/3/viewer?mid=1tCqB8Il5LJCJDCQ4Ryzz38Lw682WfBhw&ll=6.30508301698409%2C-10.6764237299691&z=16"
15,"Montserrado","Greater Monrovia","Z1100 Kemah Town/Omega",300425051,"SA052",3004575051,30,4,575,51,346,168,178,55,30,4,575,51,-10.6584108436295,6.3147441799657,1.23059437717202,"https://www.google.com/maps/d/u/3/viewer?mid=1tCqB8Il5LJCJDCQ4Ryzz38Lw682WfBhw&ll=6.3147441799657%2C-10.6584108436295&z=16"
15,"Montserrado","Greater Monrovia","Z1100 Kemah Town/Omega",300425061,"SA051",3004575061,30,4,575,61,1239,585,654,193,30,4,575,61,-10.6522907838836,6.30992003936266,0.858909461475592,"https://www.google.com/maps/d/u/3/viewer?mid=1tCqB8Il5LJCJDCQ4Ryzz38Lw682WfBhw&ll=6.30992003936266%2C-10.6522907838836&z=16"
15,"Montserrado","Greater Monrovia","Z1100 Kemah Town/Omega",300425071,"SA051",3004575071,30,4,575,71,400,203,197,69,30,4,575,71,-10.6519236158473,6.2995539864323,0.37861110364226,"https://www.google.com/maps/d/u/3/viewer?mid=1tCqB8Il5LJCJDCQ4Ryzz38Lw682WfBhw&ll=6.2995539864323%2C-10.6519236158473&z=16"
16,"Montserrado","Greater Monrovia","Z300 Struggle Community",300411181,"SA23",3004311181,30,4,311,181,474,231,243,110,30,4,311,181,-10.7855795332624,6.32993403656482,0.163681728167059,"https://www.google.com/maps/d/u/3/viewer?mid=1tCqB8Il5LJCJDCQ4Ryzz38Lw682WfBhw&ll=6.32993403656482%2C-10.7855795332624&z=16"
16,"Montserrado","Greater Monrovia","Z300 Struggle Community",300411131,"SA23",3004311131,30,4,311,131,414,197,217,93,30,4,311,131,-10.7843100004728,6.32851077556222,0.16222839989211,"https://www.google.com/maps/d/u/3/viewer?mid=1tCqB8Il5LJCJDCQ4Ryzz38Lw682WfBhw&ll=6.32851077556222%2C-10.7843100004728&z=16"
16,"Montserrado","Greater Monrovia","Z300 Struggle Community",300411121,"SA23",3004311121,30,4,311,121,308,148,160,79,30,4,311,121,-10.7868397928417,6.32782702438898,0.136984474613005,"https://www.google.com/maps/d/u/3/viewer?mid=1tCqB8Il5LJCJDCQ4Ryzz38Lw682WfBhw&ll=6.32782702438898%2C-10.7868397928417&z=16"
17,"Montserrado","Greater Monrovia","Z1300 Chocolate City_A",300405111,"SA04",3004755111,30,4,755,111,376,196,180,77,30,4,755,111,-10.7602622121256,6.32901103861196,0.289805309879107,"https://www.google.com/maps/d/u/3/viewer?mid=1tCqB8Il5LJCJDCQ4Ryzz38Lw682WfBhw&ll=6.32901103861196%2C-10.7602622121256&z=16"
17,"Montserrado","Greater Monrovia","Z1300 Chocolate City_B",300407011,"SA02",3004757011,30,4,757,11,881,419,462,184,30,4,757,11,-10.7589898902467,6.32706381225141,0.286068461345872,"https://www.google.com/maps/d/u/3/viewer?mid=1tCqB8Il5LJCJDCQ4Ryzz38Lw682WfBhw&ll=6.32706381225141%2C-10.7589898902467&z=16"
17,"Montserrado","Greater Monrovia","Z1300 Chocolate City_A",300405101,"SA04",3004755101,30,4,755,101,593,272,321,121,30,4,755,101,-10.7608977779922,6.33109033841926,0.114522075315398,"https://www.google.com/maps/d/u/3/viewer?mid=1tCqB8Il5LJCJDCQ4Ryzz38Lw682WfBhw&ll=6.33109033841926%2C-10.7608977779922&z=16"
18,"Montserrado","Greater Monrovia","Z1200 Shoe Factory",300410091,"SA07",3004660091,30,4,660,91,622,295,327,126,30,4,660,91,-10.734456690088,6.32878857872387,0.243843723017448,"https://www.google.com/maps/d/u/3/viewer?mid=1tCqB8Il5LJCJDCQ4Ryzz38Lw682WfBhw&ll=6.32878857872387%2C-10.734456690088&z=16"
18,"Montserrado","Greater Monrovia","Z1200 Kesselly Booulevard",300403011,"SA05",3004653011,30,4,653,11,354,162,192,69,30,4,653,11,-10.7381299259367,6.32733333210104,0.230259324034728,"https://www.google.com/maps/d/u/3/viewer?mid=1tCqB8Il5LJCJDCQ4Ryzz38Lw682WfBhw&ll=6.32733333210104%2C-10.7381299259367&z=16"
18,"Montserrado","Greater Monrovia","Z1200 MTA",300407051,"SA06",3004657051,30,4,657,51,923,455,468,180,30,4,657,51,-10.7361964150643,6.32630032059099,0.219237183130961,"https://www.google.com/maps/d/u/3/viewer?mid=1tCqB8Il5LJCJDCQ4Ryzz38Lw682WfBhw&ll=6.32630032059099%2C-10.7361964150643&z=16"
19,"Montserrado","Greater Monrovia","Z1100 Rock Hill",300426181,"SA061",3004576181,30,4,576,181,397,196,201,71,30,4,576,181,-10.7086756646773,6.32417462012548,0.593692232372475,"https://www.google.com/maps/d/u/3/viewer?mid=1tCqB8Il5LJCJDCQ4Ryzz38Lw682WfBhw&ll=6.32417462012548%2C-10.7086756646773&z=16"
19,"Montserrado","Greater Monrovia","Z1100 Rock Hill",300426161,"SA061",3004576161,30,4,576,161,669,339,330,123,30,4,576,161,-10.7071610941396,6.3303757294382,0.562358075905394,"https://www.google.com/maps/d/u/3/viewer?mid=1tCqB8Il5LJCJDCQ4Ryzz38Lw682WfBhw&ll=6.3303757294382%2C-10.7071610941396&z=16"
19,"Montserrado","Greater Monrovia","Z1100 Rock Hill",300426171,"SA061",3004576171,30,4,576,171,530,261,269,87,30,4,576,171,-10.7137788557771,6.32749161518955,0.237127918683953,"https://www.google.com/maps/d/u/3/viewer?mid=1tCqB8Il5LJCJDCQ4Ryzz38Lw682WfBhw&ll=6.32749161518955%2C-10.7137788557771&z=16"
20,"Montserrado","Greater Monrovia","Z1100 Pipeline B",300430171,"SA055",3004580171,30,4,580,171,395,191,204,57,30,4,580,171,-10.6953261181285,6.32714326660493,0.906743072284611,"https://www.google.com/maps/d/u/3/viewer?mid=1tCqB8Il5LJCJDCQ4Ryzz38Lw682WfBhw&ll=6.32714326660493%2C-10.6953261181285&z=16"
20,"Montserrado","Greater Monrovia","Z1100 Pipeline B",300430181,"SA055",3004580181,30,4,580,181,452,205,247,60,30,4,580,181,-10.6910544205317,6.32582129566685,0.622453728673023,"https://www.google.com/maps/d/u/3/viewer?mid=1tCqB8Il5LJCJDCQ4Ryzz38Lw682WfBhw&ll=6.32582129566685%2C-10.6910544205317&z=16"
20,"Montserrado","Greater Monrovia","Z1100 Barnard Farm",300432111,"SA054",3004582111,30,4,582,111,843,405,438,137,30,4,582,111,-10.681734443915,6.32733061403331,0.51440218894529,"https://www.google.com/maps/d/u/3/viewer?mid=1tCqB8Il5LJCJDCQ4Ryzz38Lw682WfBhw&ll=6.32733061403331%2C-10.681734443915&z=16"
21,"Montserrado","Greater Monrovia","Z1100 Kemah Town/Omega",300425011,"SA052",3004575011,30,4,575,11,365,194,171,59,30,4,575,11,-10.6538707185584,6.33079077340143,0.999468396852887,"https://www.google.com/maps/d/u/3/viewer?mid=1tCqB8Il5LJCJDCQ4Ryzz38Lw682WfBhw&ll=6.33079077340143%2C-10.6538707185584&z=16"
21,"Montserrado","Greater Monrovia","Z1100 Barnard Farm",300432011,"SA053",3004582011,30,4,582,11,631,336,295,119,30,4,582,11,-10.6628870263474,6.3325618268231,0.733902297207882,"https://www.google.com/maps/d/u/3/viewer?mid=1tCqB8Il5LJCJDCQ4Ryzz38Lw682WfBhw&ll=6.3325618268231%2C-10.6628870263474&z=16"
21,"Montserrado","Greater Monrovia","Z1100 Barnard Farm",300432031,"SA053",3004582031,30,4,582,31,622,322,300,102,30,4,582,31,-10.6690045291434,6.32674052598276,0.452249549918049,"https://www.google.com/maps/d/u/3/viewer?mid=1tCqB8Il5LJCJDCQ4Ryzz38Lw682WfBhw&ll=6.32674052598276%2C-10.6690045291434&z=16"
22,"Montserrado","Greater Monrovia","Z1300 Old Field Gulf/Sign Boar",300410141,"SA18",3004760141,30,4,760,141,1345,614,731,206,30,4,760,141,-10.7507070153702,6.35241543457864,0.354188825355802,"https://www.google.com/maps/d/u/3/viewer?mid=1tCqB8Il5LJCJDCQ4Ryzz38Lw682WfBhw&ll=6.35241543457864%2C-10.7507070153702&z=16"
22,"Montserrado","Greater Monrovia","Z1200 Grass Field",300404101,"SA15",3004654101,30,4,654,101,855,423,432,153,30,4,654,101,-10.749040859869,6.34922957389494,0.266746701618382,"https://www.google.com/maps/d/u/3/viewer?mid=1tCqB8Il5LJCJDCQ4Ryzz38Lw682WfBhw&ll=6.34922957389494%2C-10.749040859869&z=16"
22,"Montserrado","Greater Monrovia","Z1200 Grass Field",300404091,"SA15",3004654091,30,4,654,91,482,228,254,86,30,4,654,91,-10.7501292065275,6.34778421721631,0.0690362186129596,"https://www.google.com/maps/d/u/3/viewer?mid=1tCqB8Il5LJCJDCQ4Ryzz38Lw682WfBhw&ll=6.34778421721631%2C-10.7501292065275&z=16"
23,"Montserrado","Greater Monrovia","Z100 Duala Mombo Town-East",300402111,"SA15",3004102111,30,4,102,111,429,217,212,102,30,4,102,111,-10.7863064504255,6.37249873173633,0.159281421946032,"https://www.google.com/maps/d/u/3/viewer?mid=1tCqB8Il5LJCJDCQ4Ryzz38Lw682WfBhw&ll=6.37249873173633%2C-10.7863064504255&z=16"
23,"Montserrado","Greater Monrovia","Z100 Duala Mombo Town-East",300402101,"SA13",3004102101,30,4,102,101,274,124,150,66,30,4,102,101,-10.7857783545354,6.37211634044002,0.106358729749859,"https://www.google.com/maps/d/u/3/viewer?mid=1tCqB8Il5LJCJDCQ4Ryzz38Lw682WfBhw&ll=6.37211634044002%2C-10.7857783545354&z=16"
23,"Montserrado","Greater Monrovia","Z100 Duala Mombo Town-East",300402141,"SA13",3004102141,30,4,102,141,435,196,239,91,30,4,102,141,-10.7859482222416,6.37129472443985,0.0234537381945568,"https://www.google.com/maps/d/u/3/viewer?mid=1tCqB8Il5LJCJDCQ4Ryzz38Lw682WfBhw&ll=6.37129472443985%2C-10.7859482222416&z=16"
24,"Montserrado","Greater Monrovia","Z1400 Kaba Town
",300408051,"SA11",3004858051,30,4,858,51,508,259,249,94,30,4,858,51,-10.7308784133891,6.37197768006766,0.769515917801349,"https://www.google.com/maps/d/u/3/viewer?mid=1tCqB8Il5LJCJDCQ4Ryzz38Lw682WfBhw&ll=6.37197768006766%2C-10.7308784133891&z=16"
24,"Montserrado","Greater Monrovia","Z1400 Kaba Town
",300408041,"SA11",3004858041,30,4,858,41,623,309,314,111,30,4,858,41,-10.7351373197043,6.3688286726799,0.630227723443588,"https://www.google.com/maps/d/u/3/viewer?mid=1tCqB8Il5LJCJDCQ4Ryzz38Lw682WfBhw&ll=6.3688286726799%2C-10.7351373197043&z=16"
24,"Montserrado","Greater Monrovia","Z1400 Behwein Community
",300407041,"SA09",3004857041,30,4,857,41,859,390,469,151,30,4,857,41,-10.7372526086092,6.36423546687088,0.298997496006205,"https://www.google.com/maps/d/u/3/viewer?mid=1tCqB8Il5LJCJDCQ4Ryzz38Lw682WfBhw&ll=6.36423546687088%2C-10.7372526086092&z=16"
25,"Montserrado","Greater Monrovia","Z1400 Kaba Town
",300408081,"SA10",3004858081,30,4,858,81,313,156,157,47,30,4,858,81,-10.7185251955967,6.37244592561591,1.07595888350449,"https://www.google.com/maps/d/u/3/viewer?mid=1tCqB8Il5LJCJDCQ4Ryzz38Lw682WfBhw&ll=6.37244592561591%2C-10.7185251955967&z=16"
25,"Montserrado","Greater Monrovia","Z1400 Kaba Town
",300408091,"SA10",3004858091,30,4,858,91,530,265,265,83,30,4,858,91,-10.7120139815969,6.36594413751516,0.749147743590385,"https://www.google.com/maps/d/u/3/viewer?mid=1tCqB8Il5LJCJDCQ4Ryzz38Lw682WfBhw&ll=6.36594413751516%2C-10.7120139815969&z=16"
25,"Montserrado","Greater Monrovia","Z1400 Kaba Town
",300408101,"SA10",3004858101,30,4,858,101,578,270,308,90,30,4,858,101,-10.7192913695154,6.36485731424473,0.576415179343759,"https://www.google.com/maps/d/u/3/viewer?mid=1tCqB8Il5LJCJDCQ4Ryzz38Lw682WfBhw&ll=6.36485731424473%2C-10.7192913695154&z=16"
26,"Montserrado","Greater Monrovia","Z100 Crab Hole",300403061,"SA32",3004103061,30,4,103,61,466,223,243,98,30,4,103,61,-10.7780561747895,6.39210061082359,0.517624195331989,"https://www.google.com/maps/d/u/3/viewer?mid=1tCqB8Il5LJCJDCQ4Ryzz38Lw682WfBhw&ll=6.39210061082359%2C-10.7780561747895&z=16"
26,"Montserrado","Greater Monrovia","Z100 Crab Hole",300403071,"SA32",3004103071,30,4,103,71,308,151,157,61,30,4,103,71,-10.7762367003968,6.39176043965358,0.50914824287696,"https://www.google.com/maps/d/u/3/viewer?mid=1tCqB8Il5LJCJDCQ4Ryzz38Lw682WfBhw&ll=6.39176043965358%2C-10.7762367003968&z=16"
26,"Montserrado","Greater Monrovia","Z100 Crab Hole",300403081,"SA31",3004103081,30,4,103,81,484,233,251,105,30,4,103,81,-10.7775951141487,6.39028115194505,0.316505692230319,"https://www.google.com/maps/d/u/3/viewer?mid=1tCqB8Il5LJCJDCQ4Ryzz38Lw682WfBhw&ll=6.39028115194505%2C-10.7775951141487&z=16"
27,"Montserrado","Greater Monrovia","Z1600 Caldwell Market",300406051,"SA07",3004956051,30,4,956,51,807,399,408,133,30,4,956,51,-10.7534683367845,6.39316466344321,0.51813799267789,"https://www.google.com/maps/d/u/3/viewer?mid=1tCqB8Il5LJCJDCQ4Ryzz38Lw682WfBhw&ll=6.39316466344321%2C-10.7534683367845&z=16"
27,"Montserrado","Greater Monrovia","Z1600 Upper Caldwell",300409011,"SA04",3004959011,30,4,959,11,457,239,218,90,30,4,959,11,-10.7445056544291,6.39230607778819,0.47924227224412,"https://www.google.com/maps/d/u/3/viewer?mid=1tCqB8Il5LJCJDCQ4Ryzz38Lw682WfBhw&ll=6.39230607778819%2C-10.7445056544291&z=16"
27,"Montserrado","Greater Monrovia","Z1600 Dixville A",300405061,"SA06",3004955061,30,4,955,61,314,140,174,46,30,4,955,61,-10.7489516006881,6.38823770074803,0.470534267740559,"https://www.google.com/maps/d/u/3/viewer?mid=1tCqB8Il5LJCJDCQ4Ryzz38Lw682WfBhw&ll=6.38823770074803%2C-10.7489516006881&z=16"
28,"Montserrado","Greater Monrovia","Z1600 Samukai Town",300410061,"SA02",3004960061,30,4,960,61,500,251,249,101,30,4,960,61,-10.7236054905769,6.39438223218828,1.04424081961822,"https://www.google.com/maps/d/u/3/viewer?mid=1tCqB8Il5LJCJDCQ4Ryzz38Lw682WfBhw&ll=6.39438223218828%2C-10.7236054905769&z=16"
28,"Montserrado","Greater Monrovia","Z1600 Samukai Town",300410041,"SA02",3004960041,30,4,960,41,319,153,166,83,30,4,960,41,-10.7284159101113,6.40093758614056,0.692975959794324,"https://www.google.com/maps/d/u/3/viewer?mid=1tCqB8Il5LJCJDCQ4Ryzz38Lw682WfBhw&ll=6.40093758614056%2C-10.7284159101113&z=16"
28,"Montserrado","Greater Monrovia","Z1600 Samukai Town",300410051,"SA02",3004960051,30,4,960,51,191,90,101,57,30,4,960,51,-10.7260135914978,6.39848774994427,0.21914304189352,"https://www.google.com/maps/d/u/3/viewer?mid=1tCqB8Il5LJCJDCQ4Ryzz38Lw682WfBhw&ll=6.39848774994427%2C-10.7260135914978&z=16"
29,"Montserrado","Greater Monrovia","Z1600 Cassava Hill",300411011,"SA01",3004961011,30,4,1,11,389,194,195,100,30,4,961,11,-10.7063974369175,6.38162495005299,2.66844917514092,"https://www.google.com/maps/d/u/3/viewer?mid=1tCqB8Il5LJCJDCQ4Ryzz38Lw682WfBhw&ll=6.38162495005299%2C-10.7063974369175&z=16"
30,"Montserrado","Greater Monrovia","Z1600 Dixville Water Side",300408011,"SA05",3004958011,30,4,958,11,430,206,224,89,30,4,958,11,-10.73372082467,6.40897795205612,1.56795998121269,"https://www.google.com/maps/d/u/3/viewer?mid=1tCqB8Il5LJCJDCQ4Ryzz38Lw682WfBhw&ll=6.40897795205612%2C-10.73372082467&z=16"
30,"Montserrado","Greater Monrovia","Z1600 Samukai Town",300410021,"SA02",3004960021,30,4,960,21,153,76,77,42,30,4,960,21,-10.7302473949245,6.40142956289125,1.53639120479044,"https://www.google.com/maps/d/u/3/viewer?mid=1tCqB8Il5LJCJDCQ4Ryzz38Lw682WfBhw&ll=6.40142956289125%2C-10.7302473949245&z=16"
30,"Montserrado","Greater Monrovia","Z1600 Samukai Town",300410011,"SA02",3004960011,30,4,960,11,126,66,60,41,30,4,960,11,-10.7309181907442,6.40080110009282,0.618980221498114,"https://www.google.com/maps/d/u/3/viewer?mid=1tCqB8Il5LJCJDCQ4Ryzz38Lw682WfBhw&ll=6.40080110009282%2C-10.7309181907442&z=16"
1,"Grand Bassa","Neekreen","Harmonville",91001072,"SA44",910001072,9,10,1,72,635,308,327,111,9,10,1,72,-9.97652279443204,5.81057683412716,7.39069926859827,"https://www.google.com/maps/d/u/3/viewer?mid=1tCqB8Il5LJCJDCQ4Ryzz38Lw682WfBhw&ll=5.81057683412716%2C-9.97652279443204&z=16"
1,"Grand Bassa","District # 4","Neetorn",91601092,"SA11",916001092,9,16,1,92,318,149,169,82,9,16,1,92,-9.90939087125485,5.80488635764543,6.40409046708941,"https://www.google.com/maps/d/u/3/viewer?mid=1tCqB8Il5LJCJDCQ4Ryzz38Lw682WfBhw&ll=5.80488635764543%2C-9.90939087125485&z=16"
1,"Grand Bassa","District # 4","Neetorn",91601062,"SA11",916001062,9,16,1,62,674,317,357,188,9,16,1,62,-9.92344948533033,5.76708005666905,2.17622445703158,"https://www.google.com/maps/d/u/3/viewer?mid=1tCqB8Il5LJCJDCQ4Ryzz38Lw682WfBhw&ll=5.76708005666905%2C-9.92344948533033&z=16"
2,"Grand Bassa","District # 4","Jogbahn",91609112,"SA05",916009112,9,16,9,112,288,141,147,95,9,16,9,112,-9.80228249829253,5.77142799469666,3.52815414921141,"https://www.google.com/maps/d/u/3/viewer?mid=1tCqB8Il5LJCJDCQ4Ryzz38Lw682WfBhw&ll=5.77142799469666%2C-9.80228249829253&z=16"
2,"Grand Bassa","District # 4","Little Kola",91606052,"SA03",916006052,9,16,6,52,671,340,331,146,9,16,6,52,-9.75421603509725,5.74197302189366,3.02399116438738,"https://www.google.com/maps/d/u/3/viewer?mid=1tCqB8Il5LJCJDCQ4Ryzz38Lw682WfBhw&ll=5.74197302189366%2C-9.75421603509725&z=16"
2,"Grand Bassa","District # 4","Jogbahn",91609122,"SA05",916009122,9,16,9,122,403,200,203,100,9,16,9,122,-9.80454635658037,5.73818481149526,2.77169679154598,"https://www.google.com/maps/d/u/3/viewer?mid=1tCqB8Il5LJCJDCQ4Ryzz38Lw682WfBhw&ll=5.73818481149526%2C-9.80454635658037&z=16"
3,"Grand Bassa","Neekreen","Kpanada",91007252,"SA51",910007251,9,10,7,251,539,268,271,117,9,10,7,251,-10.0195211845329,5.89209507102741,0.364926993611433,"https://www.google.com/maps/d/u/3/viewer?mid=1tCqB8Il5LJCJDCQ4Ryzz38Lw682WfBhw&ll=5.89209507102741%2C-10.0195211845329&z=16"
3,"Grand Bassa","Neekreen","Kpanada",91007262,"SA51",910007261,9,10,7,261,455,231,224,96,9,10,7,261,-10.0181735975774,5.89338917310489,0.335659014413099,"https://www.google.com/maps/d/u/3/viewer?mid=1tCqB8Il5LJCJDCQ4Ryzz38Lw682WfBhw&ll=5.89338917310489%2C-10.0181735975774&z=16"
3,"Grand Bassa","Neekreen","Kpanada",91007282,"SA51",910007281,9,10,7,281,519,237,282,95,9,10,7,281,-10.0160877356928,5.8888590458632,0.192043263756275,"https://www.google.com/maps/d/u/3/viewer?mid=1tCqB8Il5LJCJDCQ4Ryzz38Lw682WfBhw&ll=5.8888590458632%2C-10.0160877356928&z=16"
4,"Grand Bassa","Neekreen","Blaynee (Portion of Dist.",91005012,"SA42",910005012,9,10,5,12,607,300,307,154,9,10,5,12,-9.85752716444329,5.92254896254327,3.59228280300797,"https://www.google.com/maps/d/u/3/viewer?mid=1tCqB8Il5LJCJDCQ4Ryzz38Lw682WfBhw&ll=5.92254896254327%2C-9.85752716444329&z=16"
4,"Grand Bassa","Neekreen","Harmonville",91001012,"SA43",910001012,9,10,1,12,410,172,238,8,9,10,1,12,-9.88411157823188,5.88806595677347,2.55306320418159,"https://www.google.com/maps/d/u/3/viewer?mid=1tCqB8Il5LJCJDCQ4Ryzz38Lw682WfBhw&ll=5.88806595677347%2C-9.88411157823188&z=16"
4,"Grand Bassa","Neekreen","Blaynee (Portion of Dist.",91005032,"SA42",910005032,9,10,5,32,545,288,257,144,9,10,5,32,-9.8536638871727,5.88745805827614,0.886543265872134,"https://www.google.com/maps/d/u/3/viewer?mid=1tCqB8Il5LJCJDCQ4Ryzz38Lw682WfBhw&ll=5.88745805827614%2C-9.8536638871727&z=16"
5,"Grand Bassa","District # 4","Jogbahn",91609032,"SA07",916009032,9,16,9,32,515,258,257,118,9,16,9,32,-9.70707359140894,5.90594595663374,3.64037859968065,"https://www.google.com/maps/d/u/3/viewer?mid=1tCqB8Il5LJCJDCQ4Ryzz38Lw682WfBhw&ll=5.90594595663374%2C-9.70707359140894&z=16"
5,"Grand Bassa","District # 4","Jogbahn",91609052,"SA07",916009052,9,16,9,52,369,191,178,85,9,16,9,52,-9.67298140522084,5.88384276424021,1.74567705573297,"https://www.google.com/maps/d/u/3/viewer?mid=1tCqB8Il5LJCJDCQ4Ryzz38Lw682WfBhw&ll=5.88384276424021%2C-9.67298140522084&z=16"
5,"Grand Bassa","District # 4","Jogbahn",91609042,"SA07",916009042,9,16,9,42,376,175,201,70,9,16,9,42,-9.69650947220391,5.88548022938756,1.10070894560945,"https://www.google.com/maps/d/u/3/viewer?mid=1tCqB8Il5LJCJDCQ4Ryzz38Lw682WfBhw&ll=5.88548022938756%2C-9.69650947220391&z=16"
6,"Grand Bassa","St. John River City","Goingbo",90809012,"SA54",908009012,9,8,9,12,710,346,364,194,9,8,9,12,-10.1027061265706,6.04589383833046,4.95078163567555,"https://www.google.com/maps/d/u/3/viewer?mid=1tCqB8Il5LJCJDCQ4Ryzz38Lw682WfBhw&ll=6.04589383833046%2C-10.1027061265706&z=16"
6,"Grand Bassa","St. John River City","Goingbo",90809022,"SA54",908009022,9,8,9,22,361,169,192,103,9,8,9,22,-10.1047874463385,6.01077008312013,2.42764373083377,"https://www.google.com/maps/d/u/3/viewer?mid=1tCqB8Il5LJCJDCQ4Ryzz38Lw682WfBhw&ll=6.01077008312013%2C-10.1047874463385&z=16"
6,"Grand Bassa","St. John River City","Goingbo",90809032,"SA54",908009032,9,8,9,32,417,201,216,97,9,8,9,32,-10.104183246382,5.98148722911273,1.93524404391728,"https://www.google.com/maps/d/u/3/viewer?mid=1tCqB8Il5LJCJDCQ4Ryzz38Lw682WfBhw&ll=5.98148722911273%2C-10.104183246382&z=16"
7,"Grand Bassa","St. John River City","Vombo",90803022,"SA56",908003022,9,8,3,22,508,265,243,130,9,8,3,22,-9.94146228618347,6.04634724672486,3.81163382496401,"https://www.google.com/maps/d/u/3/viewer?mid=1tCqB8Il5LJCJDCQ4Ryzz38Lw682WfBhw&ll=6.04634724672486%2C-9.94146228618347&z=16"
7,"Grand Bassa","St. John River City","Vombo",90803012,"SA56",908003012,9,8,3,12,424,210,214,100,9,8,3,12,-9.9723703924416,6.03429873670366,3.79520785011339,"https://www.google.com/maps/d/u/3/viewer?mid=1tCqB8Il5LJCJDCQ4Ryzz38Lw682WfBhw&ll=6.03429873670366%2C-9.9723703924416&z=16"
7,"Grand Bassa","Neekreen","Tubmanville",91004122,"SA40",910004122,9,10,4,122,520,254,266,102,9,10,4,122,-9.92363484439977,5.9947033063027,2.34007042997489,"https://www.google.com/maps/d/u/3/viewer?mid=1tCqB8Il5LJCJDCQ4Ryzz38Lw682WfBhw&ll=5.9947033063027%2C-9.92363484439977&z=16"
8,"Grand Bassa","District # 3","L A C Plantation",91401202,"SA37",914001202,9,14,1,202,420,215,205,94,9,14,1,202,-9.79790381293555,6.03606467338552,2.01631761554992,"https://www.google.com/maps/d/u/3/viewer?mid=1tCqB8Il5LJCJDCQ4Ryzz38Lw682WfBhw&ll=6.03606467338552%2C-9.79790381293555&z=16"
8,"Grand Bassa","District # 3","L A C Plantation",91401192,"SA37",914001192,9,14,1,192,281,151,130,81,9,14,1,192,-9.77388531059352,6.04036094721559,1.95698551574203,"https://www.google.com/maps/d/u/3/viewer?mid=1tCqB8Il5LJCJDCQ4Ryzz38Lw682WfBhw&ll=6.04036094721559%2C-9.77388531059352&z=16"
8,"Grand Bassa","District # 4","L A C Plantation",91611042,"SA16",916011042,9,16,11,42,327,186,141,90,9,16,11,42,-9.77967373070052,6.00955761672698,1.78565533388786,"https://www.google.com/maps/d/u/3/viewer?mid=1tCqB8Il5LJCJDCQ4Ryzz38Lw682WfBhw&ll=6.00955761672698%2C-9.77967373070052&z=16"
9,"Grand Bassa","Owensgrove","Yeannah",90202072,"SA88",902002072,9,2,2,72,236,116,120,50,9,2,2,72,-10.3258588791549,6.18585258821465,3.76983155404067,"https://www.google.com/maps/d/u/3/viewer?mid=1tCqB8Il5LJCJDCQ4Ryzz38Lw682WfBhw&ll=6.18585258821465%2C-10.3258588791549&z=16"
9,"Grand Bassa","Owensgrove","Doewein",90203142,"SA91",902003142,9,2,3,142,234,112,122,72,9,2,3,142,-10.2949731087397,6.16234076810595,2.83992814272039,"https://www.google.com/maps/d/u/3/viewer?mid=1tCqB8Il5LJCJDCQ4Ryzz38Lw682WfBhw&ll=6.16234076810595%2C-10.2949731087397&z=16"
9,"Grand Bassa","Owensgrove","Doewein",90203132,"SA91",902003132,9,2,3,132,480,245,235,105,9,2,3,132,-10.3433296092556,6.1427327001414,2.51493432478711,"https://www.google.com/maps/d/u/3/viewer?mid=1tCqB8Il5LJCJDCQ4Ryzz38Lw682WfBhw&ll=6.1427327001414%2C-10.3433296092556&z=16"
10,"Grand Bassa","District # 1","Doe",90405062,"SA76",904005062,9,4,5,62,291,144,147,94,9,4,5,62,-10.1634696638861,6.1693437546739,3.63255804137954,"https://www.google.com/maps/d/u/3/viewer?mid=1tCqB8Il5LJCJDCQ4Ryzz38Lw682WfBhw&ll=6.1693437546739%2C-10.1634696638861&z=16"
10,"Grand Bassa","Owensgrove","Doewein",90203062,"SA89",902003062,9,2,3,62,283,136,147,79,9,2,3,62,-10.2054404645738,6.16558601080396,1.74245433718085,"https://www.google.com/maps/d/u/3/viewer?mid=1tCqB8Il5LJCJDCQ4Ryzz38Lw682WfBhw&ll=6.16558601080396%2C-10.2054404645738&z=16"
10,"Grand Bassa","District # 1","Doe",90405072,"SA76",904005072,9,4,5,72,435,247,188,101,9,4,5,72,-10.1767409544843,6.14504803391818,1.45189685621586,"https://www.google.com/maps/d/u/3/viewer?mid=1tCqB8Il5LJCJDCQ4Ryzz38Lw682WfBhw&ll=6.14504803391818%2C-10.1767409544843&z=16"
11,"Grand Bassa","District # 2","Zuzohn",90605022,"SA59",906005022,9,6,5,22,342,188,154,91,9,6,5,22,-10.0393460796873,6.17789739090914,4.57703225918731,"https://www.google.com/maps/d/u/3/viewer?mid=1tCqB8Il5LJCJDCQ4Ryzz38Lw682WfBhw&ll=6.17789739090914%2C-10.0393460796873&z=16"
11,"Grand Bassa","St. John River City","Hoegbahn",90801012,"SA58",908001012,9,8,1,12,259,142,117,85,9,8,1,12,-10.0357223555572,6.13594610579066,3.39695383231867,"https://www.google.com/maps/d/u/3/viewer?mid=1tCqB8Il5LJCJDCQ4Ryzz38Lw682WfBhw&ll=6.13594610579066%2C-10.0357223555572&z=16"
11,"Grand Bassa","St. John River City","Hoegbahn",90801022,"SA58",908001022,9,8,1,22,751,367,384,135,9,8,1,22,-9.98405899208496,6.13547420438394,3.13413753282545,"https://www.google.com/maps/d/u/3/viewer?mid=1tCqB8Il5LJCJDCQ4Ryzz38Lw682WfBhw&ll=6.13547420438394%2C-9.98405899208496&z=16"
12,"Grand Bassa","District # 2","Marlord",90602022,"SA61",906002022,9,6,2,22,571,283,288,97,9,6,2,22,-9.87548603285231,6.1428252109482,4.83847760710354,"https://www.google.com/maps/d/u/3/viewer?mid=1tCqB8Il5LJCJDCQ4Ryzz38Lw682WfBhw&ll=6.1428252109482%2C-9.87548603285231&z=16"
12,"Grand Bassa","District # 3","Gaye Peter",91403162,"SA29",914003162,9,14,3,162,771,376,395,143,9,14,3,162,-9.82313759757227,6.15472419760993,4.25446800603869,"https://www.google.com/maps/d/u/3/viewer?mid=1tCqB8Il5LJCJDCQ4Ryzz38Lw682WfBhw&ll=6.15472419760993%2C-9.82313759757227&z=16"
12,"Grand Bassa","District # 3","Glow",91402012,"SA38",914002012,9,14,2,12,941,473,468,221,9,14,2,12,-9.83307008023848,6.1268394424859,2.50498879897998,"https://www.google.com/maps/d/u/3/viewer?mid=1tCqB8Il5LJCJDCQ4Ryzz38Lw682WfBhw&ll=6.1268394424859%2C-9.83307008023848&z=16"
13,"Grand Bassa","District # 3","Zeewein-B",91404012,"SA33",914014012,9,14,14,12,468,232,236,2,9,14,14,12,-9.7197173154857,6.17752210496345,2.80217340728069,"https://www.google.com/maps/d/u/3/viewer?mid=1tCqB8Il5LJCJDCQ4Ryzz38Lw682WfBhw&ll=6.17752210496345%2C-9.7197173154857&z=16"
13,"Grand Bassa","District # 3","L A C Plantation",91401042,"SA35",914001042,9,14,1,42,418,229,189,100,9,14,1,42,-9.6939314184067,6.13768319187591,2.65522835738436,"https://www.google.com/maps/d/u/3/viewer?mid=1tCqB8Il5LJCJDCQ4Ryzz38Lw682WfBhw&ll=6.13768319187591%2C-9.6939314184067&z=16"
13,"Grand Bassa","District # 3","L A C Plantation",91401032,"SA35",914001032,9,14,1,32,521,267,254,96,9,14,1,32,-9.72506874153507,6.14687277138223,2.48486086094218,"https://www.google.com/maps/d/u/3/viewer?mid=1tCqB8Il5LJCJDCQ4Ryzz38Lw682WfBhw&ll=6.14687277138223%2C-9.72506874153507&z=16"
14,"Grand Bassa","District # 4","Kpogblen",91605012,"SA19",916005012,9,16,5,12,339,179,160,66,9,16,5,12,-9.56969747276377,6.15639402778818,5.60842232714668,"https://www.google.com/maps/d/u/3/viewer?mid=1tCqB8Il5LJCJDCQ4Ryzz38Lw682WfBhw&ll=6.15639402778818%2C-9.56969747276377&z=16"
14,"Grand Bassa","District # 4","Kpogblen",91605022,"SA19",916005022,9,16,5,22,175,85,90,50,9,16,5,22,-9.54303930046376,6.14084481276812,2.3015149558297,"https://www.google.com/maps/d/u/3/viewer?mid=1tCqB8Il5LJCJDCQ4Ryzz38Lw682WfBhw&ll=6.14084481276812%2C-9.54303930046376&z=16"
14,"Grand Bassa","District # 4","Kpogblen",91605032,"SA19",916005032,9,16,5,32,449,200,249,109,9,16,5,32,-9.52171788191237,6.11780977033316,2.26638434240138,"https://www.google.com/maps/d/u/3/viewer?mid=1tCqB8Il5LJCJDCQ4Ryzz38Lw682WfBhw&ll=6.11780977033316%2C-9.52171788191237&z=16"
15,"Grand Bassa","Owensgrove","Giah",90201022,"SA85",902001022,9,2,1,22,390,189,201,96,9,2,1,22,-10.2890186927247,6.28220272940893,4.45247579521059,"https://www.google.com/maps/d/u/3/viewer?mid=1tCqB8Il5LJCJDCQ4Ryzz38Lw682WfBhw&ll=6.28220272940893%2C-10.2890186927247&z=16"
15,"Grand Bassa","Owensgrove","Giah",90201032,"SA85",902001032,9,2,1,32,189,104,85,61,9,2,1,32,-10.2562798093934,6.27218042604809,2.6342010913504,"https://www.google.com/maps/d/u/3/viewer?mid=1tCqB8Il5LJCJDCQ4Ryzz38Lw682WfBhw&ll=6.27218042604809%2C-10.2562798093934&z=16"
15,"Grand Bassa","District # 1","Worrwein",90410012,"SA74",904010012,9,4,10,12,630,313,317,117,9,4,10,12,-10.2541516571556,6.31134768432117,1.79665934168923,"https://www.google.com/maps/d/u/3/viewer?mid=1tCqB8Il5LJCJDCQ4Ryzz38Lw682WfBhw&ll=6.31134768432117%2C-10.2541516571556&z=16"
16,"Grand Bassa","District # 1","Doe",90405032,"SA75",904005032,9,4,5,32,260,156,104,57,9,4,5,32,-10.0597650668928,6.26684635149716,5.02376843550096,"https://www.google.com/maps/d/u/3/viewer?mid=1tCqB8Il5LJCJDCQ4Ryzz38Lw682WfBhw&ll=6.26684635149716%2C-10.0597650668928&z=16"
16,"Grand Bassa","District # 1","Doe",90405022,"SA75",904005022,9,4,5,22,263,154,109,86,9,4,5,22,-10.1100217343753,6.26450165033746,3.79739216623538,"https://www.google.com/maps/d/u/3/viewer?mid=1tCqB8Il5LJCJDCQ4Ryzz38Lw682WfBhw&ll=6.26450165033746%2C-10.1100217343753&z=16"
16,"Grand Bassa","District # 1","Sayewein",90406042,"SA73",904006042,9,4,6,42,439,231,208,106,9,4,6,42,-10.0845448841697,6.31781511296852,2.73784251145187,"https://www.google.com/maps/d/u/3/viewer?mid=1tCqB8Il5LJCJDCQ4Ryzz38Lw682WfBhw&ll=6.31781511296852%2C-10.0845448841697&z=16"
17,"Grand Bassa","District # 2","Marblee",90601092,"SA61",906001092,9,6,1,92,600,300,300,114,9,6,1,92,-9.90431484458806,6.26544499480579,5.49386112998553,"https://www.google.com/maps/d/u/3/viewer?mid=1tCqB8Il5LJCJDCQ4Ryzz38Lw682WfBhw&ll=6.26544499480579%2C-9.90431484458806&z=16"
17,"Grand Bassa","District # 2","Marblee",90601012,"SA62",906001012,9,6,1,12,757,371,386,136,9,6,1,12,-9.93918610939474,6.32030588111818,5.08156557417945,"https://www.google.com/maps/d/u/3/viewer?mid=1tCqB8Il5LJCJDCQ4Ryzz38Lw682WfBhw&ll=6.32030588111818%2C-9.93918610939474&z=16"
17,"Grand Bassa","District # 2","Marblee",90601102,"SA61",906001102,9,6,1,102,501,257,244,109,9,6,1,102,-9.98080239140344,6.26840313962032,2.75331586162205,"https://www.google.com/maps/d/u/3/viewer?mid=1tCqB8Il5LJCJDCQ4Ryzz38Lw682WfBhw&ll=6.26840313962032%2C-9.98080239140344&z=16"
18,"Grand Bassa","District # 2","Marblee",90601052,"SA62",906001052,9,6,1,52,448,212,236,90,9,6,1,52,-9.82092310404063,6.27654522399028,5.02070089648166,"https://www.google.com/maps/d/u/3/viewer?mid=1tCqB8Il5LJCJDCQ4Ryzz38Lw682WfBhw&ll=6.27654522399028%2C-9.82092310404063&z=16"
18,"Grand Bassa","District # 2","Gogowein",90606062,"SA63",906006062,9,6,6,62,702,323,379,133,9,6,6,62,-9.80305053345397,6.31844007317027,4.66723857065869,"https://www.google.com/maps/d/u/3/viewer?mid=1tCqB8Il5LJCJDCQ4Ryzz38Lw682WfBhw&ll=6.31844007317027%2C-9.80305053345397&z=16"
18,"Grand Bassa","District # 3","Dohnwein",91406032,"SA26",914006032,9,14,6,32,404,221,183,98,9,14,6,32,-9.74076294509266,6.31149818507254,3.36382100875985,"https://www.google.com/maps/d/u/3/viewer?mid=1tCqB8Il5LJCJDCQ4Ryzz38Lw682WfBhw&ll=6.31149818507254%2C-9.74076294509266&z=16"
19,"Grand Bassa","District # 3","Faitro",91405012,"SA27",914005012,9,14,5,12,516,277,239,87,9,14,5,12,-9.63462208225672,6.26921726520443,6.39057383916446,"https://www.google.com/maps/d/u/3/viewer?mid=1tCqB8Il5LJCJDCQ4Ryzz38Lw682WfBhw&ll=6.26921726520443%2C-9.63462208225672&z=16"
19,"Grand Bassa","District # 3","Faitro",91405022,"SA27",914005022,9,14,5,22,788,395,393,172,9,14,5,22,-9.67476845329303,6.26256113627242,3.00902247007782,"https://www.google.com/maps/d/u/3/viewer?mid=1tCqB8Il5LJCJDCQ4Ryzz38Lw682WfBhw&ll=6.26256113627242%2C-9.67476845329303&z=16"
19,"Grand Bassa","District # 3","Deegba",91407052,"SA25",914007052,9,14,7,52,1482,756,726,334,9,14,7,52,-9.63129383153691,6.31464614561526,2.17386634279179,"https://www.google.com/maps/d/u/3/viewer?mid=1tCqB8Il5LJCJDCQ4Ryzz38Lw682WfBhw&ll=6.31464614561526%2C-9.63129383153691&z=16"
20,"Grand Bassa","District # 3","Wodorgbah",91408012,"SA28",914008012,9,14,8,12,689,351,338,168,9,14,8,12,-9.52053163229197,6.25619682223208,6.96158333236851,"https://www.google.com/maps/d/u/3/viewer?mid=1tCqB8Il5LJCJDCQ4Ryzz38Lw682WfBhw&ll=6.25619682223208%2C-9.52053163229197&z=16"
20,"Grand Bassa","District # 3","Gbayah",91409022,"SA23",914009022,9,14,9,22,382,192,190,94,9,14,9,22,-9.46480108319647,6.33020338865094,6.15917175281837,"https://www.google.com/maps/d/u/3/viewer?mid=1tCqB8Il5LJCJDCQ4Ryzz38Lw682WfBhw&ll=6.33020338865094%2C-9.46480108319647&z=16"
20,"Grand Bassa","District # 3","Gbayah",91409032,"SA23",914009032,9,14,9,32,610,280,330,153,9,14,9,32,-9.44584033784418,6.24589005464698,3.91479061875193,"https://www.google.com/maps/d/u/3/viewer?mid=1tCqB8Il5LJCJDCQ4Ryzz38Lw682WfBhw&ll=6.24589005464698%2C-9.44584033784418&z=16"
21,"Grand Bassa","District # 1","Mehwein",90409012,"SA72",904009012,9,4,9,12,384,205,179,97,9,4,9,12,-10.197203118085,6.46549809039073,4.70785588905829,"https://www.google.com/maps/d/u/3/viewer?mid=1tCqB8Il5LJCJDCQ4Ryzz38Lw682WfBhw&ll=6.46549809039073%2C-10.197203118085&z=16"
21,"Grand Bassa","District # 1","Mehwein",90409022,"SA72",904009022,9,4,9,22,330,160,170,85,9,4,9,22,-10.1749635332939,6.43852142331376,3.7139128199367,"https://www.google.com/maps/d/u/3/viewer?mid=1tCqB8Il5LJCJDCQ4Ryzz38Lw682WfBhw&ll=6.43852142331376%2C-10.1749635332939&z=16"
21,"Grand Bassa","District # 1","Sayewein",90406012,"SA73",904006012,9,4,6,12,366,208,158,124,9,4,6,12,-10.166715957211,6.39747283859931,0.917102494937729,"https://www.google.com/maps/d/u/3/viewer?mid=1tCqB8Il5LJCJDCQ4Ryzz38Lw682WfBhw&ll=6.39747283859931%2C-10.166715957211&z=16"
22,"Grand Bassa","District # 2","Karblee",90611022,"SA69",906011022,9,6,11,22,408,197,211,117,9,6,11,22,-10.0204066855451,6.43598734731174,6.36785840986514,"https://www.google.com/maps/d/u/3/viewer?mid=1tCqB8Il5LJCJDCQ4Ryzz38Lw682WfBhw&ll=6.43598734731174%2C-10.0204066855451&z=16"
22,"Grand Bassa","District # 2","Karblee",90611032,"SA69",906011032,9,6,11,32,483,245,238,92,9,6,11,32,-9.96452440051061,6.40701186269674,5.71551361330078,"https://www.google.com/maps/d/u/3/viewer?mid=1tCqB8Il5LJCJDCQ4Ryzz38Lw682WfBhw&ll=6.40701186269674%2C-9.96452440051061&z=16"
22,"Grand Bassa","District # 2","Karblee",90611012,"SA69",906011012,9,6,11,12,411,212,199,94,9,6,11,12,-10.0288144912466,6.38011859996842,0.712819467352923,"https://www.google.com/maps/d/u/3/viewer?mid=1tCqB8Il5LJCJDCQ4Ryzz38Lw682WfBhw&ll=6.38011859996842%2C-10.0288144912466&z=16"
23,"Grand Bassa","District # 2","Gogowein",90606012,"SA63",906006012,9,6,6,12,584,278,306,134,9,6,6,12,-9.8459872704253,6.46175558065729,5.92591408928644,"https://www.google.com/maps/d/u/3/viewer?mid=1tCqB8Il5LJCJDCQ4Ryzz38Lw682WfBhw&ll=6.46175558065729%2C-9.8459872704253&z=16"
23,"Grand Bassa","District # 2","Gogowein",90606022,"SA63",906006022,9,6,6,22,421,200,221,94,9,6,6,22,-9.83948089606819,6.42071284678732,3.84697167995085,"https://www.google.com/maps/d/u/3/viewer?mid=1tCqB8Il5LJCJDCQ4Ryzz38Lw682WfBhw&ll=6.42071284678732%2C-9.83948089606819&z=16"
23,"Grand Bassa","District # 2","Gogowein",90606032,"SA63",906006032,9,6,6,32,284,165,119,43,9,6,6,32,-9.83207103203395,6.38546049469996,2.62928091451031,"https://www.google.com/maps/d/u/3/viewer?mid=1tCqB8Il5LJCJDCQ4Ryzz38Lw682WfBhw&ll=6.38546049469996%2C-9.83207103203395&z=16"
24,"Grand Bassa","District # 2","Boeglayn",90607042,"SA64",906007042,9,6,7,42,550,242,308,97,9,6,7,42,-9.75730026328071,6.48295585155926,8.17889706431392,"https://www.google.com/maps/d/u/3/viewer?mid=1tCqB8Il5LJCJDCQ4Ryzz38Lw682WfBhw&ll=6.48295585155926%2C-9.75730026328071&z=16"
24,"Grand Bassa","District # 2","Boeglayn",90607052,"SA64",906007052,9,6,7,52,500,253,247,93,9,6,7,52,-9.73277823362974,6.43166583400076,6.56009016105109,"https://www.google.com/maps/d/u/3/viewer?mid=1tCqB8Il5LJCJDCQ4Ryzz38Lw682WfBhw&ll=6.43166583400076%2C-9.73277823362974&z=16"
24,"Grand Bassa","District # 3","Dohnwein",91406012,"SA26",914006012,9,14,6,12,844,430,414,178,9,14,6,12,-9.73418263963794,6.37869053689498,3.05118124135049,"https://www.google.com/maps/d/u/3/viewer?mid=1tCqB8Il5LJCJDCQ4Ryzz38Lw682WfBhw&ll=6.37869053689498%2C-9.73418263963794&z=16"
25,"Grand Bassa","District # 3","Deegba",91407012,"SA24",914007012,9,14,7,12,364,189,175,81,9,14,7,12,-9.56158041546129,6.44725804285264,5.06663203502998,"https://www.google.com/maps/d/u/3/viewer?mid=1tCqB8Il5LJCJDCQ4Ryzz38Lw682WfBhw&ll=6.44725804285264%2C-9.56158041546129&z=16"
25,"Grand Bassa","District # 3","Deegba",91407022,"SA24",914007022,9,14,7,22,751,367,384,153,9,14,7,22,-9.57673616653229,6.42042935618391,3.23286596603692,"https://www.google.com/maps/d/u/3/viewer?mid=1tCqB8Il5LJCJDCQ4Ryzz38Lw682WfBhw&ll=6.42042935618391%2C-9.57673616653229&z=16"
25,"Grand Bassa","District # 3","Deegba",91407032,"SA24",914007032,9,14,7,32,404,198,206,86,9,14,7,32,-9.5861994189163,6.40333678202827,2.30279659780983,"https://www.google.com/maps/d/u/3/viewer?mid=1tCqB8Il5LJCJDCQ4Ryzz38Lw682WfBhw&ll=6.40333678202827%2C-9.5861994189163&z=16"
26,"Grand Bassa","District # 3","Gbaniee",91412032,"SA21",914012032,9,14,12,32,635,325,310,107,9,14,12,32,-9.41558890169739,6.48821642596632,7.70610519691569,"https://www.google.com/maps/d/u/3/viewer?mid=1tCqB8Il5LJCJDCQ4Ryzz38Lw682WfBhw&ll=6.48821642596632%2C-9.41558890169739&z=16"
26,"Grand Bassa","District # 3","Gbaniee",91412042,"SA21",914012042,9,14,12,42,462,238,224,85,9,14,12,42,-9.38657479519563,6.38420598093746,6.84516433532204,"https://www.google.com/maps/d/u/3/viewer?mid=1tCqB8Il5LJCJDCQ4Ryzz38Lw682WfBhw&ll=6.38420598093746%2C-9.38657479519563&z=16"
26,"Grand Bassa","District # 3","Pay-U-Way",91413042,"SA22",914013042,9,14,13,42,825,434,391,100,9,14,13,42,-9.45410777066655,6.39637927158707,5.16919925331418,"https://www.google.com/maps/d/u/3/viewer?mid=1tCqB8Il5LJCJDCQ4Ryzz38Lw682WfBhw&ll=6.39637927158707%2C-9.45410777066655&z=16"
27,"Grand Bassa","District # 3","Norwein",91411022,"SA20",914011022,9,14,11,22,614,319,295,154,9,14,11,22,-9.24222204369103,6.50374212026213,9.86367570507337,"https://www.google.com/maps/d/u/3/viewer?mid=1tCqB8Il5LJCJDCQ4Ryzz38Lw682WfBhw&ll=6.50374212026213%2C-9.24222204369103&z=16"
27,"Grand Bassa","District # 3","Jeuwein",91410012,"SA21",914010012,9,14,10,12,324,179,145,88,9,14,10,12,-9.32485356546914,6.4478924176362,8.12214262823895,"https://www.google.com/maps/d/u/3/viewer?mid=1tCqB8Il5LJCJDCQ4Ryzz38Lw682WfBhw&ll=6.4478924176362%2C-9.32485356546914&z=16"
27,"Grand Bassa","District # 3","Jeuwein",91410022,"SA21",914010022,9,14,10,22,461,250,211,1,9,14,10,22,-9.25323600583101,6.40382462893821,3.42623141091526,"https://www.google.com/maps/d/u/3/viewer?mid=1tCqB8Il5LJCJDCQ4Ryzz38Lw682WfBhw&ll=6.40382462893821%2C-9.25323600583101&z=16"
28,"Grand Bassa","District # 2","Chan",90610032,"SA65",906010032,9,6,10,32,1349,664,685,284,9,6,10,32,-9.76513532908603,6.60274623532442,6.52318218503576,"https://www.google.com/maps/d/u/3/viewer?mid=1tCqB8Il5LJCJDCQ4Ryzz38Lw682WfBhw&ll=6.60274623532442%2C-9.76513532908603&z=16"
28,"Grand Bassa","District # 2","Chan",90610022,"SA65",906010022,9,6,10,22,293,138,155,48,9,6,10,22,-9.77053744629304,6.61404847437232,5.54813349909962,"https://www.google.com/maps/d/u/3/viewer?mid=1tCqB8Il5LJCJDCQ4Ryzz38Lw682WfBhw&ll=6.61404847437232%2C-9.77053744629304&z=16"
28,"Grand Bassa","District # 2","Chan",90610012,"SA65",906010012,9,6,10,12,501,244,257,109,9,6,10,12,-9.83873258488611,6.58536201918987,4.57737945488667,"https://www.google.com/maps/d/u/3/viewer?mid=1tCqB8Il5LJCJDCQ4Ryzz38Lw682WfBhw&ll=6.58536201918987%2C-9.83873258488611&z=16"
29,"Grand Bassa","District # 2","Jungle",90609032,"SA66",906009032,9,6,9,32,282,150,132,66,9,6,9,32,-9.70086803151374,6.60319884811447,9.14631566376033,"https://www.google.com/maps/d/u/3/viewer?mid=1tCqB8Il5LJCJDCQ4Ryzz38Lw682WfBhw&ll=6.60319884811447%2C-9.70086803151374&z=16"
29,"Grand Bassa","District # 2","Boeglayn",90607022,"SA64",906007022,9,6,7,22,646,310,336,97,9,6,7,22,-9.63835881905251,6.57768078406023,7.2456995216497,"https://www.google.com/maps/d/u/3/viewer?mid=1tCqB8Il5LJCJDCQ4Ryzz38Lw682WfBhw&ll=6.57768078406023%2C-9.63835881905251&z=16"
29,"Grand Bassa","District # 2","Boeglayn",90607012,"SA64",906007012,9,6,7,12,843,394,449,145,9,6,7,12,-9.69248868858117,6.55944002696999,1.82271657242958,"https://www.google.com/maps/d/u/3/viewer?mid=1tCqB8Il5LJCJDCQ4Ryzz38Lw682WfBhw&ll=6.55944002696999%2C-9.69248868858117&z=16"
30,"Grand Bassa","District # 3","Norwein",91411042,"SA20",914011042,9,14,11,42,676,346,330,137,9,14,11,42,-9.34405418626096,6.57763035972387,6.16454101319744,"https://www.google.com/maps/d/u/3/viewer?mid=1tCqB8Il5LJCJDCQ4Ryzz38Lw682WfBhw&ll=6.57763035972387%2C-9.34405418626096&z=16"
30,"Grand Bassa","District # 3","Norwein",91411032,"SA20",914011032,9,14,11,32,1120,548,572,225,9,14,11,32,-9.30100052578208,6.56010403608392,3.44340438984788,"https://www.google.com/maps/d/u/3/viewer?mid=1tCqB8Il5LJCJDCQ4Ryzz38Lw682WfBhw&ll=6.56010403608392%2C-9.30100052578208&z=16"
30,"Grand Bassa","District # 3","Gbaniee",91412012,"SA21",914012012,9,14,12,12,627,298,329,123,9,14,12,12,-9.35647281329135,6.5278433010155,1.69838348703554,"https://www.google.com/maps/d/u/3/viewer?mid=1tCqB8Il5LJCJDCQ4Ryzz38Lw682WfBhw&ll=6.5278433010155%2C-9.35647281329135&z=16"
